اسم المسجد,الرابط,العنوان,تاريخ الإنشاء,اسم الإمام,اسم المؤذن,حالة الرابط
آسية بنت مزاحم,,,,,,⚠️ غير موجود
آل البيت 📍,https://maps.google.com/maps/search//@32.156803131103516,,,,,✅ موجود
آل عمران 📍,https://maps.app.goo.gl/P2wjc9Jj4ikbjdHM6,,,,,✅ موجود
أبو أيوب,,,,,,⚠️ غير موجود
أبو أيوب الأنصاري,,,,,,⚠️ غير موجود
أبو أيوب الانصاري 📍,https://maps.google.com/maps?q=32.0910028%2C35.7198327&z=17&hl=ar,,,,,✅ موجود
أبو الرتم 📍,https://maps.google.com/maps?q=32.111945%2C35.70649&z=17&hl=ar,,,,,✅ موجود
أبو الزيغان 📍,https://maps.google.com/maps?q=32.1900991%2C35.6396095&z=17&hl=ar,,,,,✅ موجود
أبو بكر الصديق,,,,,,⚠️ غير موجود
أبو بكر الصديق,,,,,,⚠️ غير موجود
أبو بكر الصديق (شطة الأسود),,,,,,⚠️ غير موجود
أبو بكر الصديق 📍,https://goo.gl/maps/wgaKFwMwNZJonceB8,,,,,✅ موجود
أبو بكر الصديق 📍,https://maps.app.goo.gl/Y8JYpPFGDZeAt8Q96,,,,,✅ موجود
أبو بكر الصديق 📍,https://maps.app.goo.gl/BfYhUTTfnNHTeLvC9,,,,,✅ موجود
أبو بكر الصديق 📍,https://maps.app.goo.gl/JZNWwk3kf7BXbb5c7,,,,,✅ موجود
أبو بكر الصديق 📍,https://maps.google.com/maps?q=32.1114709%2C35.7339381&z=17&hl=ar,,,,,✅ موجود
أبو بكر الصديق 📍,https://goo.gl/maps/GvJvdaHJEHtN6zoG8,,,,,✅ موجود
أبو جريبان,,,,,,⚠️ غير موجود
أبو حامد,,,,,,⚠️ غير موجود
أبو حامد الكبير 📍,https://goo.gl/maps/NuKZ7yi2uqjzxGV36,,,,,✅ موجود
أبو ذر الغفاري 📍,https://maps.app.goo.gl/dGEXoPEPFWo6qzPr5,,,,,✅ موجود
أبو ذر الغفاري 📍,https://maps.google.com/?cid=4113731285939991710,,,,,✅ موجود
أبو سليمان العساف 📍,https://maps.google.com/maps?q=32.0693451%2C35.5986523&z=17&hl=ar,,,,,✅ موجود
أبو عبيدة 📍,https://maps.app.goo.gl/nZv9JKoEecuKfz5K7,,,,,✅ موجود
أبو عزام,,,,,,⚠️ غير موجود
أبو علاوي 📍,https://maps.app.goo.gl/xry8GWHqjpvNXY5S9,,,,,✅ موجود
أبو نجي 📍,https://goo.gl/maps/xgtDni2Lup1XFi788,,,,,✅ موجود
أبو نهار أبو هزيم,,,,,,⚠️ غير موجود
أبي الدرداء 📍,https://maps.app.goo.gl/LqKtBeFkbnFBfs787,,,,,✅ موجود
أحباب الرسول,,,,,,⚠️ غير موجود
أحباب الله 📍,https://maps.app.goo.gl/DNcNjCaJyT1oGa2b7,,,,,✅ موجود
أحباب الله 📍,https://maps.app.goo.gl/AqKR5t34agfEbtr77,,,,,✅ موجود
أحباب رسول الله 📍,https://goo.gl/maps/KS8MJCnKbnqAAZiw6,,,,,✅ موجود
أحد 📍,https://maps.app.goo.gl/T5fgM4tSrrnBVSot7,,,,,✅ موجود
أحفاد الصحابة 📍,https://maps.app.goo.gl/xkmUQ5UZbx7dhATb9,,,,,✅ موجود
أحمد البخيت الزعبي 📍,https://maps.app.goo.gl/QoFD7HBRpT2h28Z98,,,,,✅ موجود
أحمد سعود العدوان 📍,https://maps.app.goo.gl/wLCmvo652BazFK3n8,,,,,✅ موجود
أحمد عرار قطيشات 📍,https://maps.google.com/maps?q=32.2446884%2C35.6331797&z=17&hl=ar,,,,,✅ موجود
أحمد علي القيسية 📍,https://maps.app.goo.gl/gG6b2tUVgsjr8T7CA,,,,,✅ موجود
أرض الرباط (ناصر مبارك البخيت) 📍,https://goo.gl/maps/9DeYpyibTN5y2xL1A,,,,,✅ موجود
أرض الرباط (نقابة المهندسين الزراعيين) 📍,https://maps.app.goo.gl/zVcXjgd8sAX5HaC29,,,,,✅ موجود
أرض الرباط 📍,https://maps.google.com/maps/search/Unnamed%20Road%2C%20%D8%A7%D9%84%D8%A3%D8%B1%D8%AF%D9%86/@32.169147924526555,,,,,✅ موجود
أسامة بن زيد 📍,https://maps.app.goo.gl/1NUYtdVf3VLkZ2mf8,,,,,✅ موجود
أسامة بن زيد 📍,https://maps.google.com/maps?q=32.1563687%2C35.7395549&z=17&hl=ar,,,,,✅ موجود
أسماء بنت أبي بكر,,,,,,⚠️ غير موجود
أسماء بنت أبي بكر 📍,https://maps.app.goo.gl/oCDi7UozXM5fjt4Q8,,,,,✅ موجود
أصحاب رسول الله (العبداللات),,,,,,⚠️ غير موجود
أصحاب رسول الله 📍,https://maps.app.goo.gl/uJw8wjgRhaGvi9cd9,,,,,✅ موجود
أم العمد القديم 📍,https://maps.app.goo.gl/DkXJyFGJfhgPAHQC7,,,,,✅ موجود
أم القرى 📍,https://maps.app.goo.gl/FGWdC4iYwX7595CP8,,,,,✅ موجود
أم جوزة الجديد (الكبير) 📍,https://maps.app.goo.gl/J3JYtHDgEyJtyXsC7,,,,,✅ موجود
أم جوزة القديم,,,,,,⚠️ غير موجود
أم حماد 📍,https://maps.google.com/maps?q=32.1511323%2C35.6141614&z=17&hl=ar,,,,,✅ موجود
أم زعرورة الغربي,,,,,,⚠️ غير موجود
أم عليقة 📍,https://goo.gl/maps/2ueXxsTynKAeQKzXA,,,,,✅ موجود
أم نجاصة 📍,https://maps.app.goo.gl/9RB5nscNtn37vB3d8,,,,,✅ موجود
أمة الله,,,,,,⚠️ غير موجود
أمين الأمة 📍,https://goo.gl/maps/WowbUskff22HAnNH7,,,,,✅ موجود
أنس بن مالك 📍,https://maps.app.goo.gl/xkmUQ5UZbx7dhATb9,,,,,✅ موجود
أنس بن مالك 📍,https://maps.app.goo.gl/jtyHh4QXaGBjnQ3r6,,,,,✅ موجود
أنس بن مالك 📍,https://maps.app.goo.gl/FAa4WjiG4XXX1tz98,,,,,✅ موجود
أنوار مكة 📍,https://maps.app.goo.gl/Ae5Fiu4DuVgk1nqv6,,,,,✅ موجود
أولياء الله 📍,https://maps.app.goo.gl/Wi1AiM3kDguKxo6p6,,,,,✅ موجود
أويس القرني 📍,https://maps.app.goo.gl/S2wzPSJCcbynXUGP6,,,,,✅ موجود
أيمن زيادة 📍,https://maps.google.com/?q=32.057860,,,,,✅ موجود
إبراهيم الخليل (ماحص القديم ) 📍,https://maps.google.com/maps?q=31.9858085%2C35.7679537&z=17&hl=ar,,,,,✅ موجود
إبراهيم الخليل 📍,https://maps.app.goo.gl/2r1YnNUnihVeVQN29,,,,,✅ موجود
إبراهيم الخليل 📍,https://maps.app.goo.gl/f2MJm6sjnZRbEUPd7,,,,,✅ موجود
إبراهيم الخليل 📍,https://maps.app.goo.gl/5o28ethhsyPjJoKC7,,,,,✅ موجود
إبراهيم عربيات 📍,https://maps.app.goo.gl/VuntuzowXghaojYv8,,,,,✅ موجود
إسكان البلاونة 📍,https://maps.app.goo.gl/J4a5nALixrCL441WA,,,,,✅ موجود
إسكان طيبة (المركز الإسلامي) 📍,https://maps.app.goo.gl/bcoN7VEPwEdKrYv2A,,,,,✅ موجود
إسماعيل بن إبراهيم 📍,https://maps.app.goo.gl/3awYV5uZyrdx5tSp8,,,,,✅ موجود
ابن القيم الجوزية 📍,https://maps.google.com/maps?q=32.2049634%2C35.5842096&z=17&hl=ar,,,,,✅ موجود
ابن تيمية 📍,https://maps.google.com/maps?q=32.2101051%2C35.5837686&z=17&hl=ar,,,,,✅ موجود
الأحنف بن قيس 📍,https://maps.google.com/maps?q=32.05823%2C35.7220896&z=17&hl=ar,,,,,✅ موجود
الأشرفية الكبير (الشهيد عبد الله عزام) 📍,https://maps.google.com/maps?q=32.1031859%2C35.7967461&z=17&hl=ar,,,,,✅ موجود
الأنبياء,,,,,,⚠️ غير موجود
الأنصار,,,,,,⚠️ غير موجود
الأنصار 📍,https://maps.google.com/maps?q=32.1998534%2C35.5874475&z=17&hl=ar,,,,,✅ موجود
الأنوار 📍,https://maps.app.goo.gl/qjnu3J6gjZ7tpb8n9,,,,,✅ موجود
الأوابين 📍,https://maps.app.goo.gl/nF3YJjqCa3bsbUUW9,,,,,✅ موجود
الأوابين 📍,https://goo.gl/maps/2mUFmqiBU9qktRSY9,,,,,✅ موجود
الإحسان (الرامة الجديد) 📍,https://maps.google.com/?cid=14975092688257363705,,,,,✅ موجود
الإخلاص 📍,https://maps.app.goo.gl/pBAun6r9ZyXkC2tf6,,,,,✅ موجود
الإسكان 📍,https://maps.app.goo.gl/wCPEKBSETmSePKTn6,,,,,✅ موجود
الإصلاح 📍,https://maps.google.com/maps/search/Unnamed%20Road%2C%20%D8%A7%D9%84%D8%A3%D8%B1%D8%AF%D9%86/@32.12160763577138,,,,,✅ موجود
الإمام البخاري,,,,,,⚠️ غير موجود
الإمام البخاري 📍,https://maps.google.com/?q=%D8%A7%D9%84%D8%B3%D9%84%D8%B7&ftid=0x151ca2b49caa0551:0xa625445a4092d93b,,,,,✅ موجود
الإمام الشافعي,,,,,,⚠️ غير موجود
الإمام علي 📍,https://maps.app.goo.gl/XZG2c5uYimjSYEGP9,,,,,✅ موجود
الإيمان,,,,,,⚠️ غير موجود
الإيمان (وادي الناقة) 📍,https://maps.app.goo.gl/KGfQA62acW8HQFTp6,,,,,✅ موجود
الإيمان 📍,https://maps.google.com/maps?q=32.1857884%2C35.6226942&z=17&hl=ar,,,,,✅ موجود
الباهر 📍,https://maps.google.com/maps?q=32.205085%2C35.57535&z=17&hl=ar,,,,,✅ موجود
البحيرة (العطيات) 📍,https://maps.app.goo.gl/kxm6UB5a7UxL2miY9,,,,,✅ موجود
البر والإحسان 📍,https://maps.app.goo.gl/NStPs5iJPoDeyTpq5,,,,,✅ موجود
البر والتقوى 📍,https://maps.google.com/maps?q=32.1590221%2C35.6213639&z=17&hl=ar,,,,,✅ موجود
البراء بن مالك 📍,https://maps.google.com/maps?q=32.000497%2C35.6790719&z=17&hl=ar,,,,,✅ موجود
البركة 📍,https://maps.google.com/maps?q=32.2442343%2C35.6296514&z=17&hl=ar,,,,,✅ موجود
البسط,,,,,,⚠️ غير موجود
البشير / محمد ابن عبد الله,,,,,,⚠️ غير موجود
البشير 📍,https://goo.gl/maps/uFAqWD7sfDaVCN5LA,,,,,✅ موجود
البقيع 📍,https://maps.app.goo.gl/Bqiehps1y175jSMUA,,,,,✅ موجود
البيان 📍,https://goo.gl/maps/YyJy4xnT3nyDp1Z56,,,,,✅ موجود
التقوى (الرميمين) 📍,https://maps.app.goo.gl/pRXFZXNd3UQd4Wuy5,,,,,✅ موجود
التقوى والإيمان 📍,https://goo.gl/maps/UwUgtjZPpPJAizTN6,,,,,✅ موجود
التقوى 📍,https://maps.app.goo.gl/YaNRS7S2fuSYuEFy9,,,,,✅ موجود
التقوى 📍,https://maps.app.goo.gl/mCTcLx4G3WqTmpZL9,,,,,✅ موجود
التقوى 📍,https://maps.google.com/maps?q=32.1603909%2C35.7839217&z=17&hl=ar,,,,,✅ موجود
التقوى 📍,https://maps.app.goo.gl/8CetXv12uFwbfBVKA,,,,,✅ موجود
التقوى 📍,https://maps.app.goo.gl/rndQ5FAMN2xD6XZS6,,,,,✅ موجود
الجعيدية 📍,https://goo.gl/maps/2YpXvNEsrxfVji9Q7,,,,,✅ موجود
الجواسرة 📍,https://maps.app.goo.gl/uCwu9UPKYqPrnNWo8,,,,,✅ موجود
الجوفة الشرقي 📍,https://maps.app.goo.gl/hGf8SN45NRz7sjic9,,,,,✅ موجود
الجوفة الغربي (بيومي) 📍,https://maps.app.goo.gl/hJLx7Zk8YNirrdxx5,,,,,✅ موجود
الحاج أحمد فلاح الحياري (المنشية) 📍,https://maps.app.goo.gl/8wC31LaeXsUq7VBr5,,,,,✅ موجود
الحاج توفيق الرويق الدويكات 📍,https://maps.app.goo.gl/Roco9LZopi9knfC57,,,,,✅ موجود
الحاج حسن أبو رمان,,,,,,⚠️ غير موجود
الحاج عبد الكريم الفاعوري,,,,,,⚠️ غير موجود
الحاج علي أحمد السلطي,,,,,,⚠️ غير موجود
الحاج عيد العواملة 📍,https://goo.gl/maps/jmgGycZXgdhdWNXv7,,,,,✅ موجود
الحاج محمد عبد الحميد الشياب,,,,,,⚠️ غير موجود
الحاج محمود الحياري 📍,https://maps.app.goo.gl/6h8rA7uS5CHjiaJ69,,,,,✅ موجود
الحاج يوسف العبداللات 📍,https://maps.app.goo.gl/RK3M7GPiJysERRVP8,,,,,✅ موجود
الحارث 📍,https://maps.app.goo.gl/kowix3RtgE2F5ZUs5,,,,,✅ موجود
الحبيب المصطفى 📍,https://maps.app.goo.gl/VytovSgASE87AtMW7,,,,,✅ موجود
الحديب الشمالي 📍,https://maps.app.goo.gl/FwSS3ioVNGVS5ZzUA,,,,,✅ موجود
الحرمين,,,,,,⚠️ غير موجود
الحرمين الشريفين,,,,,,⚠️ غير موجود
الحسن البصري 📍,https://maps.app.goo.gl/hqXvwX1PWB8WmNEV8,,,,,✅ موجود
الحمد,,,,,,⚠️ غير موجود
الحمد 📍,https://maps.google.com/maps?q=37.38980827772353%2C-122.08141386508942&z=17&hl=ar,,,,,✅ موجود
الخلفاء الراشدين,,,,,,⚠️ غير موجود
الخلفاء الراشدين 📍,https://maps.google.com/?cid=1327903216324771182,,,,,✅ موجود
الخير المبارك,,,,,,⚠️ غير موجود
الداودي 📍,https://maps.app.goo.gl/C9TwnKqNiCWatpZDA,,,,,✅ موجود
الدراويش 📍,https://maps.app.goo.gl/Z38aGZpynhYTa4k16,,,,,✅ موجود
الدعوة,,,,,,⚠️ غير موجود
الدكتور خليل السيد,,,,,,⚠️ غير موجود
الديات 📍,https://maps.google.com/maps?q=32.1666032%2C35.6003467&z=17&hl=ar,,,,,✅ موجود
الديرة 📍,https://maps.app.goo.gl/zB8Up5qFpyjt8mfk6,,,,,✅ موجود
الراشدين,,,,,,⚠️ غير موجود
الرباط 📍,https://maps.app.goo.gl/ZgG6J1v7auZLJFcD6,,,,,✅ موجود
الربايعة 📍,https://goo.gl/maps/KCCy3PSTw9SCvWhG8,,,,,✅ موجود
الرحمة,,,,,,⚠️ غير موجود
الرحمة 📍,https://maps.google.com/maps?q=32.2390068%2C35.6251765&z=17&hl=ar,,,,,✅ موجود
الرحمة 📍,https://goo.gl/maps/hwb3K34fx8ZjvP2x5,,,,,✅ موجود
الرحمة 📍,https://maps.app.goo.gl/CT2S8nCqSJ4wnweQ8,,,,,✅ موجود
الرحمة 📍,https://maps.app.goo.gl/1mKAJYnWotfmCF2D7,,,,,✅ موجود
الرحمن,,,,,,⚠️ غير موجود
الرحمن,,,,,,⚠️ غير موجود
الرحمن 📍,https://maps.app.goo.gl/gYzWbqNgYua7fWkj7,,,,,✅ موجود
الرحمن 📍,https://goo.gl/maps/spyaNiqiDA8w2f4H9,,,,,✅ موجود
الرحمن 📍,https://maps.app.goo.gl/7y3dLKdamyrr4orf9,,,,,✅ موجود
الرشد 📍,https://maps.app.goo.gl/9zWtFUaydAt4eQX89,,,,,✅ موجود
الرضا 📍,https://maps.app.goo.gl/kxNx5LYqeyrdkYnm6,,,,,✅ موجود
الرضوان 📍,https://goo.gl/maps/jdX6vnxvnG6gHzDq7,,,,,✅ موجود
الرضوان 📍,https://maps.google.com/maps?q=32.1471619%2C35.609846&z=17&hl=ar,,,,,✅ موجود
الرمان 📍,https://goo.gl/maps/Yq2Zc3vyoErFxkmS8,,,,,✅ موجود
الرميمين القديم 📍,https://maps.app.goo.gl/nthsij78V4FTr49GA,,,,,✅ موجود
الروضة الجديد,,,,,,⚠️ غير موجود
الروضة 📍,https://maps.app.goo.gl/jAPsNP4GMrCrGEDCA,,,,,✅ موجود
الرويحة الكبير 📍,https://maps.app.goo.gl/iHyZBwrkj4bKRPNX9,,,,,✅ موجود
الزبير بن العوام 📍,https://maps.app.goo.gl/WYCJGDfcuGgof1ig8,,,,,✅ موجود
الزيتونة 📍,https://maps.google.com/?cid=17315328536402665568,,,,,✅ موجود
السبيعي 📍,https://goo.gl/maps/fAMVnp7fZQwMzPaa6,,,,,✅ موجود
السحلولية 📍,https://goo.gl/maps/uxyWX3dvLQSG1L1s9,,,,,✅ موجود
السلام 📍,https://maps.google.com/maps?q=32.0486409%2C35.8394426&z=17&hl=ar,,,,,✅ موجود
السلام 📍,https://maps.app.goo.gl/VSB69Zw9Fyh3PN5A6,,,,,✅ موجود
السلط الصغير 📍,https://maps.app.goo.gl/9yQCpS8rpVCp3imp6,,,,,✅ موجود
السلط الكبير 📍,https://maps.app.goo.gl/16iPN95fXpcUpDcs6,,,,,✅ موجود
السليحي الكبير 📍,https://maps.app.goo.gl/ztUNQxsedNzg3S8R7,,,,,✅ موجود
السنابل (المعتصم بالله) 📍,https://maps.app.goo.gl/2kSPbnCpMTuFYf6YA,,,,,✅ موجود
السنة 📍,https://maps.google.com/maps?q=32.0953597%2C35.8438441&z=17&hl=ar,,,,,✅ موجود
الشافعي 📍,https://maps.google.com/maps?q=32.1333509%2C35.5775512&z=17&hl=ar,,,,,✅ موجود
الشاكرين 📍,https://maps.app.goo.gl/GG3gmtimMEuY6Qfo9,,,,,✅ موجود
الشاكرين 📍,https://maps.google.com/maps?q=32.2411977%2C35.6193777&z=17&hl=ar,,,,,✅ موجود
الشهداء 📍,https://maps.app.goo.gl/NDWM9qM7gFHW8vFU9,,,,,✅ موجود
الشهداء 📍,https://goo.gl/maps/6Dg9vZdzzfdr8FdN7,,,,,✅ موجود
الشهيد حمزة العبادي 📍,https://maps.app.goo.gl/sYHgPF574DwrDXLe9,,,,,✅ موجود
الشهيد 📍,https://maps.google.com/maps?q=32.17406867834818%2C35.61209678649902&z=17&hl=ar,,,,,✅ موجود
الشونة الجنوبية الكبير 📍,https://maps.app.goo.gl/AnqVGBJwFgUc3oAH7,,,,,✅ موجود
الشويب,,,,,,⚠️ غير موجود
الشيخ جاسم بن محمد آل ثاني,,,,,,⚠️ غير موجود
الصابرات 📍,https://maps.google.com/?cid=8918313333482573175,,,,,✅ موجود
الصابرين 📍,https://maps.app.goo.gl/tuEYLptitPve3kZTA,,,,,✅ موجود
الصابرين 📍,https://maps.app.goo.gl/MJyHUuu78WcGCKqg9,,,,,✅ موجود
الصادق الأمين (عبد القادر خليفة الوريكات) 📍,https://maps.app.goo.gl/tAZHr3YEJNmRnXA3A,,,,,✅ موجود
الصالحين,,,,,,⚠️ غير موجود
الصالحين 📍,https://maps.google.com/maps?q=32.18945868484989%2C35.62943156808615&z=17&hl=ar,,,,,✅ موجود
الصبيحي القديم (الكبير) 📍,https://maps.google.com/maps?q=32.1474742%2C35.7024638&z=17&hl=ar,,,,,✅ موجود
الصحابة 📍,https://maps.app.goo.gl/GnMGjkLBHLb9SfQb7,,,,,✅ موجود
الصحابة 📍,https://maps.google.com/maps?q=32.1370004%2C35.7938351&z=17&hl=ar,,,,,✅ موجود
الصحابة 📍,https://maps.app.goo.gl/JDjASRPo3KQX2cdm6,,,,,✅ موجود
الصفا والمروة,,,,,,⚠️ غير موجود
الصلاح (الرابح) 📍,https://maps.google.com/maps?q=32.0478913%2C35.6969785&z=17&hl=ar,,,,,✅ موجود
الصمادي 📍,https://goo.gl/maps/A8Xqspwwnus8usDHA,,,,,✅ موجود
الصوالحة الكبير 📍,https://maps.google.com/maps?q=32.1813161%2C35.6220374&z=17&hl=ar,,,,,✅ موجود
الطوال الشمالي الكبير ( عمر بن الخطاب الربيع) 📍,https://maps.app.goo.gl/ytFvckzZyt7AHnT49,,,,,✅ موجود
الظاهر,,,,,,⚠️ غير موجود
العايد 📍,https://maps.google.com/maps?q=32.1607949%2C35.6273526&z=17&hl=ar,,,,,✅ موجود
العباس بن عبد المطلب 📍,https://goo.gl/maps/2pFK5aUXAGgvkVh67,,,,,✅ موجود
العجاجرة 📍,https://maps.app.goo.gl/DpVGkfSuv5MbFteS8,,,,,✅ موجود
العقاب 📍,https://maps.app.goo.gl/qUcCziZPEapbSBQg9,,,,,✅ موجود
الفاروق,,,,,,⚠️ غير موجود
الفاروق 📍,https://maps.app.goo.gl/xFGxMCa2atueeDpV8,,,,,✅ موجود
الفاروق 📍,https://goo.gl/maps/6YLdzx6jQkuTJtRs7,,,,,✅ موجود
الفاروق 📍,https://maps.google.com/maps/search/Unnamed%20Road%2C%20%D8%A7%D9%84%D8%A3%D8%B1%D8%AF%D9%86/@31.979284397428742,,,,,✅ موجود
الفتح 📍,https://maps.app.goo.gl/QgLgVkEfXbxTFt4MA,,,,,✅ موجود
الفردوس 📍,https://maps.app.goo.gl/ZwJCTnwdtQ6DWEH26,,,,,✅ موجود
الفردوس 📍,https://goo.gl/maps/fAKGTYvUTC8kojKV8,,,,,✅ موجود
الفرقان 📍,https://maps.app.goo.gl/UNqBkXRQh3KUkL17A,,,,,✅ موجود
الفرقان 📍,https://maps.app.goo.gl/wdwx3BCqFnejMwED8,,,,,✅ موجود
الفياض 📍,https://maps.google.com/maps?q=32.06632863252844%2C35.69655418395996&z=17&hl=ar,,,,,✅ موجود
القدس 📍,https://maps.app.goo.gl/odXRJRc6KJkSU2eD9,,,,,✅ موجود
القسام الهاشمي 📍,https://maps.app.goo.gl/5BUhU6PhVobg5Q9Q7,,,,,✅ موجود
القصيب القديم 📍,https://goo.gl/maps/2S5f3WPHP7kfUBpdA,,,,,✅ موجود
الكفرين الجديد 📍,https://maps.google.com/?cid=2980537074080754354,,,,,✅ موجود
الكفرين القديم 📍,https://maps.app.goo.gl/MgPAC9dWvV9XTFi5A,,,,,✅ موجود
الكويتي 📍,https://maps.app.goo.gl/gPBGP4JnxrgQbRZX9,,,,,✅ موجود
اللد 📍,https://maps.app.goo.gl/NeZQG9u46x91qWFu7,,,,,✅ موجود
المؤمن بالله,,,,,,⚠️ غير موجود
المثنى بن حارثة 📍,https://maps.app.goo.gl/ShHxr3BHVkwjNUwN6,,,,,✅ موجود
المحسنين 📍,https://maps.app.goo.gl/QMQp9oWyZB3ZZSWs7,,,,,✅ موجود
المحسنين 📍,https://goo.gl/maps/XrYiZrsWoxuHPVceA,,,,,✅ موجود
المحسنين 📍,https://maps.google.com/maps?q=32.073269%2C35.7607011&z=17&hl=ar,,,,,✅ موجود
المرازيق 📍,https://maps.google.com/maps?q=32.177114536873454%2C35.62943156808615&z=17&hl=ar,,,,,✅ موجود
المرحوم سليمان الحسين أبو حمور 📍,https://maps.app.goo.gl/rhFpMye8TiVwzerBA,,,,,✅ موجود
المرحوم عبد الله السليمان الوريكات,,,,,,⚠️ غير موجود
المرحوم عدنان بهجت أنيس عبد الهادي (الهدى),,,,,,⚠️ غير موجود
المرحوم محمد رمضان فارس,,,,,,⚠️ غير موجود
المركز الإسلامي 📍,https://maps.app.goo.gl/1QcH64MkC78b4n229,,,,,✅ موجود
المزار 📍,https://maps.app.goo.gl/hbtrwsSioCA9GzxLA,,,,,✅ موجود
المصطفى 📍,https://maps.app.goo.gl/kpqCA6VFEwpAQeeBA,,,,,✅ موجود
المصطفى 📍,https://maps.app.goo.gl/XJghKxMPrGWD4b999,,,,,✅ موجود
المضري 📍,https://maps.google.com/maps?q=32.0628603%2C35.7780444&z=17&hl=ar,,,,,✅ موجود
المعتصم بالله 📍,https://maps.app.goo.gl/CQu1SgZcTLs3HhD18,,,,,✅ موجود
المغيرة بن شعبة 📍,https://maps.google.com/maps?q=32.2335164%2C35.6254089&z=17&hl=ar,,,,,✅ موجود
الملك طلال 📍,https://maps.app.goo.gl/HC3qgeiCmmGBT5tr6,,,,,✅ موجود
المهاجرين والأنصار,,,,,,⚠️ غير موجود
المهاجرين 📍,https://maps.google.com/maps?q=32.1725403%2C35.5994317&z=17&hl=ar,,,,,✅ موجود
المهتدين,,,,,,⚠️ غير موجود
الميامين,,,,,,⚠️ غير موجود
الميامين الجنوبي,,,,,,⚠️ غير موجود
النبي هارون 📍,https://goo.gl/maps/VaqwnHeQTm6tuX7y9,,,,,✅ موجود
النجاشي 📍,https://maps.app.goo.gl/nLfGoFwaLerv1BtD9,,,,,✅ موجود
النعمة (أم القرام) 📍,https://maps.google.com/maps?q=32.16673213060005%2C35.592334270477295&z=17&hl=ar,,,,,✅ موجود
النهضة 📍,https://goo.gl/maps/46hAd4gCzFFiaFos7,,,,,✅ موجود
النور (إسكان المكرمة) 📍,https://maps.google.com/?cid=5850915909152200750,,,,,✅ موجود
النور المبين (الجدعة) 📍,https://maps.google.com/?cid=10606053121257645275,,,,,✅ موجود
النور 📍,https://maps.google.com/maps?q=32.1582055%2C35.5979079&z=17&hl=ar,,,,,✅ موجود
النور 📍,https://maps.app.goo.gl/B4G4g7ghsHyvH2U3A,,,,,✅ موجود
الهجرة (عودة الله الخرابشة) 📍,https://maps.app.goo.gl/Nyt7vSnWQincfrNP8,,,,,✅ موجود
الهداية 📍,https://maps.app.goo.gl/urzpMzirJm7auCnL8,,,,,✅ موجود
الهداية 📍,https://maps.google.com/maps?q=31.9821228%2C35.7647117&z=17&hl=ar,,,,,✅ موجود
الهدى (مضافة الجغبير) 📍,https://maps.google.com/?cid=7741104388455496444,,,,,✅ موجود
الهدى والنور ( إسكان مصنع الاسمنت ) 📍,https://maps.google.com/maps?q=32.0009798%2C35.787724&z=17&hl=ar,,,,,✅ موجود
الهدى 📍,https://maps.google.com/maps?q=31.9473779%2C35.5810209&z=17&hl=ar,,,,,✅ موجود
الهربج 📍,https://maps.app.goo.gl/F1n53C38S3igBxmr6,,,,,✅ موجود
الهمشري 📍,https://goo.gl/maps/y4RC1qcQ1Dn7FiPq5,,,,,✅ موجود
الوسية 📍,https://maps.app.goo.gl/qNoE8q3HFPGsjX4K8,,,,,✅ موجود
اليزيدية الجديد 📍,https://maps.google.com/maps?q=32.20437240931252%2C35.5861759185791&z=17&hl=ar,,,,,✅ موجود
اليزيدية القديم 📍,https://maps.google.com/maps?q=32.0586451%2C35.7730175&z=17&hl=ar,,,,,✅ موجود
اليقين بالله 📍,https://maps.app.goo.gl/pWAebvHA8v9t1vSR9,,,,,✅ موجود
باب الريان 📍,https://maps.app.goo.gl/eSi4pRdyUy32RcV27,,,,,✅ موجود
باب السلام,,,,,,⚠️ غير موجود
بدر (الطوال الغربي الجديد) 📍,https://maps.google.com/maps?q=32.164395%2C35.5872633&z=17&hl=ar,,,,,✅ موجود
بدر (عمر بن الخطاب) 📍,https://maps.app.goo.gl/gMRcEssnacjDZS1i6,,,,,✅ موجود
بر الوالدين 📍,https://maps.app.goo.gl/rgnDtcG25hrYkxSPA,,,,,✅ موجود
بر الوالدين 📍,https://goo.gl/maps/SVNa9Jdk6MFhkJij6,,,,,✅ موجود
بر الوالدين 📍,https://maps.app.goo.gl/GG3gmtimMEuY6Qfo9,,,,,✅ موجود
برجس بن شداد العتيبي,,,,,,⚠️ غير موجود
بلاط الشهداء (الأبرار) 📍,https://maps.app.goo.gl/P91uLLiGZ6URRh2s6,,,,,✅ موجود
بلال بن رباح (المركز الثقافي) 📍,https://maps.google.com/?cid=1072132226893024536,,,,,✅ موجود
بلال بن رباح 📍,https://maps.app.goo.gl/WbfEe6wtYBi72qNq8,,,,,✅ موجود
بلال بن رباح 📍,https://maps.app.goo.gl/yFUmxeoMFuZFxVsTA,,,,,✅ موجود
بلال بن رباح 📍,https://maps.app.goo.gl/LsPqnsGoPtnopkWd6,,,,,✅ موجود
بهيجة أبو قورة (مصلى الهلال الاحمر) 📍,https://maps.google.com/?cid=5383504668220947319,,,,,✅ موجود
بيوضة الشرقية 📍,https://maps.app.goo.gl/hhN9iB5d67hakgxP9,,,,,✅ موجود
بيوضة الشمالية 📍,https://maps.app.goo.gl/1y11nRt3hxrCnacUA,,,,,✅ موجود
تبارك الرحمن 📍,https://maps.app.goo.gl/qyF1ZgYrz7i539hGA,,,,,✅ موجود
تل المنطح 📍,https://maps.google.com/maps?q=32.1286415%2C35.5994638&z=17&hl=ar,,,,,✅ موجود
جعفر الطيار 📍,https://maps.google.com/maps?q=32.1458681%2C35.7009752&z=17&hl=ar,,,,,✅ موجود
جعفر الطيار 📍,https://maps.app.goo.gl/Z4RYeUogdwpwA6S26,,,,,✅ موجود
جعفر الطيار 📍,https://goo.gl/maps/oDDmAHLJvTHJrqMD7,,,,,✅ موجود
جعفر بن فيصل 📍,https://maps.app.goo.gl/N1uTBGqchp2HCJhV6,,,,,✅ موجود
جميل الوحيدي,,,,,,⚠️ غير موجود
حبر الأمة,,,,,,⚠️ غير موجود
حبيب الله (العبداللات) 📍,https://maps.google.com/maps?q=32.099819%2C35.7447136&z=17&hl=ar,,,,,✅ موجود
حذيفة بن اليمان (نعمة الحنينية) 📍,https://maps.app.goo.gl/DEbPaqTzAdY4NHgQ7,,,,,✅ موجود
حذيفة بن اليمان 📍,https://maps.app.goo.gl/qXX1wgFrYRbKhGMLA,,,,,✅ موجود
حذيفة بن اليمان 📍,https://maps.app.goo.gl/sgTzJ5UkbWaD9Q5m7,,,,,✅ موجود
حطين 📍,https://maps.google.com/maps?q=32.1497571%2C35.7327973&z=17&hl=ar,,,,,✅ موجود
حفصة بنت عمر,,,,,,⚠️ غير موجود
حفصة بنت عمر 📍,https://maps.app.goo.gl/1TaoWB2dZ1PoAMbBA,,,,,✅ موجود
حليمة أبو رمان 📍,https://maps.google.com/maps?q=32.1372047%2C35.6093764&z=17&hl=ar,,,,,✅ موجود
حليمة السعدية,,,,,,⚠️ غير موجود
حمد الله الزعبي,,,,,,⚠️ غير موجود
حمدان فوزان الراشد,,,,,,⚠️ غير موجود
حمدو الأنيس 📍,https://maps.app.goo.gl/yQ4spjmwozc2HULp8,,,,,✅ موجود
حمدي الأنيس 📍,https://maps.app.goo.gl/jRWYH4cfMkcM5YrN6,,,,,✅ موجود
حمزة بن عبد المطلب,,,,,,⚠️ غير موجود
حمزة بن عبد المطلب,,,,,,⚠️ غير موجود
حمزة بن عبد المطلب,,,,,,⚠️ غير موجود
حمزة بن عبد المطلب (القصيب الجديد) 📍,https://maps.app.goo.gl/XroDTof9TVS2by158,,,,,✅ موجود
حمزة بن عبد المطلب 📍,https://maps.app.goo.gl/choHb4tnSgX83a2TA,,,,,✅ موجود
حمزة بن عبد المطلب 📍,https://maps.app.goo.gl/gKE7e1Qwgm8hL7EX9,,,,,✅ موجود
حمزة بن عبد المطلب 📍,https://maps.google.com/maps?q=32.04364776611328%2C35.83839416503906&z=17&hl=ar,,,,,✅ موجود
حمزة بن عبد المطلب 📍,https://goo.gl/maps/Hp2hSz28Nx7ZphZ76,,,,,✅ موجود
حمزه بن عبد المطلب (المعصرة) 📍,https://maps.app.goo.gl/5JTzs6nPMS3tW46R9,,,,,✅ موجود
حنظلة الغسيل 📍,https://maps.google.com/maps?q=32.1458175%2C35.7128728&z=17&hl=ar,,,,,✅ موجود
حي المدينة الرياضية (قرعومه) 📍,https://maps.google.com/?cid=13472529542741077725,,,,,✅ موجود
حي جملا 📍,https://maps.app.goo.gl/Ge7ixWG4JQGLu9WLA,,,,,✅ موجود
حياة خرفان 📍,https://maps.app.goo.gl/qXX1wgFrYRbKhGMLA,,,,,✅ موجود
خالد بن الوليد 📍,https://maps.app.goo.gl/RKzGSKvHXcqCtNAL7,,,,,✅ موجود
خالد بن الوليد 📍,https://maps.app.goo.gl/eogiWx1sHc5UYPK3A,,,,,✅ موجود
خالد بن الوليد 📍,https://goo.gl/maps/xH6UpJfDuNC2aVNZ8,,,,,✅ موجود
خالد بن الوليد 📍,https://maps.app.goo.gl/rQTZ4FReTYJZbKUG7,,,,,✅ موجود
خباب بن الأرت 📍,https://maps.app.goo.gl/RNV4ivLXUoR1CwUi8,,,,,✅ موجود
خديجة بنت خويلد 📍,https://maps.app.goo.gl/fstw1DpsRPq4CHHHA,,,,,✅ موجود
خديجة بنت خويلد 📍,https://maps.google.com/maps?q=32.17104721069336%2C35.741146087646484&z=17&hl=ar,,,,,✅ موجود
خزمة 📍,https://maps.google.com/maps?q=32.18945868484989%2C35.62943156808615&z=17&hl=ar,,,,,✅ موجود
خلف عليان 📍,https://maps.google.com/maps?q=32.0623593%2C35.8261904&z=17&hl=ar,,,,,✅ موجود
خليل الرحمن 📍,https://maps.app.goo.gl/cw368qgKDYqQCEWG7,,,,,✅ موجود
داميا الكبير (حمدان الأحمد المصالحة) 📍,https://maps.google.com/maps?q=32.0956399%2C35.5731383&z=17&hl=ar,,,,,✅ موجود
دعم الغزالات 📍,https://maps.google.com/?cid=11933231152355933154,,,,,✅ موجود
دير علا القديم 📍,https://maps.google.com/maps?q=32.18172349041126%2C35.629820823669434&z=17&hl=ar,,,,,✅ موجود
ذات النطاقين 📍,https://maps.app.goo.gl/K1SKGK5w1KYvxxrP8,,,,,✅ موجود
ذات النطاقين 📍,https://maps.google.com/maps?q=32.11162185668945%2C35.801395416259766&z=17&hl=ar,,,,,✅ موجود
ذو النورين 📍,https://maps.google.com/maps?q=32.1473619%2C35.6142177&z=17&hl=ar,,,,,✅ موجود
راضي الحمدان 📍,https://maps.app.goo.gl/phfvxJNCG3qdAKjs6,,,,,✅ موجود
رياض الجنة (الثريا) 📍,https://maps.app.goo.gl/fqyCzA25gGHxPKax8,,,,,✅ موجود
رياض المفلح 📍,https://maps.app.goo.gl/ZTjV45ySL1sfPmS67,,,,,✅ موجود
ريحانة المصطفى 📍,https://maps.app.goo.gl/SZA35KBQWrGXtjCfA,,,,,✅ موجود
زهرة المدائن (الحريري),,,,,,⚠️ غير موجود
زي القديم (الكبير) 📍,https://maps.app.goo.gl/HgnjSt4vJducvThMA,,,,,✅ موجود
زيد بن حارثة 📍,https://maps.app.goo.gl/n9fg53iJNfukfG9Y8,,,,,✅ موجود
زين العابدين 📍,https://goo.gl/maps/dUFBQPt2jNmuchLz6,,,,,✅ موجود
زينب بنت محمد 📍,https://maps.app.goo.gl/tPbzpVFqFPB5FU2r5,,,,,✅ موجود
سامي المفلح 📍,https://goo.gl/maps/ZAZDRXiVZicsWKJn8,,,,,✅ موجود
سعد بن أبي وقاص 📍,https://maps.app.goo.gl/u41tTeqW6pemqyas6,,,,,✅ موجود
سعد بن معاذ بن جبل,,,,,,⚠️ غير موجود
سعد بن معاذ 📍,https://maps.app.goo.gl/pdBhNF6RJvQ8VGkA9,,,,,✅ موجود
سعدة البداد,,,,,,⚠️ غير موجود
سعيد بن جبير 📍,https://goo.gl/maps/v23adQJTRGvJ2r8F7,,,,,✅ موجود
سعيد بن زيد 📍,https://maps.google.com/maps/search/Unnamed%20Road%2C%20%D8%A7%D9%84%D8%A3%D8%B1%D8%AF%D9%86/@32.18022811458291,,,,,✅ موجود
سلامة المناصير 📍,https://maps.app.goo.gl/KCzw212dVUxyrA1bA,,,,,✅ موجود
سلحوب الكبير 📍,https://goo.gl/maps/nJozrVsbjRVooEWG8,,,,,✅ موجود
سلطان البداد 📍,https://maps.app.goo.gl/vvM4C1RXY7r7r4aw7,,,,,✅ موجود
سلعوف 📍,https://maps.app.goo.gl/XmNDoMVMkGXnMZs27,,,,,✅ موجود
سلمان الفارسي 📍,https://maps.app.goo.gl/UGAoC7bj5dsF7stb6,,,,,✅ موجود
سلمان الفارسي 📍,https://maps.app.goo.gl/gUa3SgVWoCiXidbN8,,,,,✅ موجود
سليمان أبو عميرة 📍,https://maps.app.goo.gl/89X6hYzh5WvtXCYH8,,,,,✅ موجود
سويمة (علي بن أبي طالب) 📍,https://maps.app.goo.gl/XhaECWacaULp5JS36,,,,,✅ موجود
سيحان الكبير الجديد 📍,https://maps.app.goo.gl/f1DaKeWqPZh7DE1x6,,,,,✅ موجود
سيد الشهداء,,,,,,⚠️ غير موجود
سيد المرسلين 📍,https://maps.app.goo.gl/eCwJu6MZ5reT6Rrx5,,,,,✅ موجود
سيدنا آدم عليه السلام 📍,https://maps.app.goo.gl/UCyTHkc8HntsxXFA9,,,,,✅ موجود
سيدنا يوسف عليه السلام 📍,https://maps.app.goo.gl/oLExrhk7pWEhBhw6A,,,,,✅ موجود
شرحبيل بن حسنة 📍,https://maps.google.com/maps?q=32.1083634%2C35.7474224&z=17&hl=ar,,,,,✅ موجود
شهداء الكرامة 📍,https://maps.app.goo.gl/RoDrW9EKPT7og6f69,,,,,✅ موجود
صالح سويلم 📍,https://maps.app.goo.gl/1ozCfyJWAHduFiwZ7,,,,,✅ موجود
صلاح الدين 📍,http://maps.google.com/?cid=11549127473951214119&hl=ar&gl=eg,,,,,✅ موجود
صلاح الدين 📍,https://maps.app.goo.gl/FcptohaxNy3ZkFV49,,,,,✅ موجود
صلاح الدين 📍,https://maps.google.com/maps?q=32.1793521%2C35.596481&z=17&hl=ar,,,,,✅ موجود
صهيب الرومي 📍,https://maps.google.com/maps?q=32.196853%2C35.6472997&z=17&hl=ar,,,,,✅ موجود
صهيب بن سنان 📍,https://maps.app.goo.gl/3Mfr7KjSfG929zQT7,,,,,✅ موجود
ضاحية الإمام الغزالي 📍,https://maps.google.com/maps?q=32.03586196899414%2C35.85279083251953&z=17&hl=ar,,,,,✅ موجود
ضاحية الزهراء 📍,https://maps.google.com/maps?q=32.1112624%2C35.7767018&z=17&hl=ar,,,,,✅ موجود
ضاحية الزهور 📍,https://maps.app.goo.gl/xH8b2CR4w14Qphut7,,,,,✅ موجود
ضرار الكبير 📍,https://maps.google.com/maps?q=32.22971719655386%2C35.617920868098736&z=17&hl=ar,,,,,✅ موجود
ضرار بن الأزور 📍,https://maps.google.com/maps?q=32.073944%2C35.8359119&z=17&hl=ar,,,,,✅ موجود
ضرار 📍,https://maps.google.com/maps?q=32.20906592891478%2C35.633981600403786&z=17&hl=ar,,,,,✅ موجود
طارق بن زياد 📍,https://maps.app.goo.gl/h9f84bmKC3YUfHpH9,,,,,✅ موجود
طارق بن زياد 📍,https://maps.app.goo.gl/86zjqQZYrLBr8V7U6,,,,,✅ موجود
طلحة بن عبيد الله 📍,https://goo.gl/maps/VybBs3iAhi4Pjxuf6,,,,,✅ موجود
ظهرة الرمل الكبير (تلة الرمل) 📍,https://maps.google.com/maps?q=32.0643627%2C35.5977336&z=17&hl=ar,,,,,✅ موجود
عائشة أم المؤمنين,,,,,,⚠️ غير موجود
عائشة أم المؤمنين 📍,https://maps.app.goo.gl/ftpKBpgfWbnqMJW27,,,,,✅ موجود
عائشة أم المؤمنين 📍,https://maps.app.goo.gl/SdKwpmTGNHeUfFJ16,,,,,✅ موجود
عائشة أم المؤمنين 📍,https://maps.app.goo.gl/uCwu9UPKYqPrnNWo8,,,,,✅ موجود
عائشة رضي الله عنها (عائشة الأخرس),,,,,,⚠️ غير موجود
عاصم بن ثابت 📍,https://maps.google.com/maps?q=32.0388789%2C35.7075341&z=17&hl=ar,,,,,✅ موجود
عامر بن الجراح (أبو عبيدة) 📍,https://maps.app.goo.gl/YbtUsXTRbKb1F5GA7,,,,,✅ موجود
عباد الرحمن,,,,,,⚠️ غير موجود
عباد الرحمن 📍,https://goo.gl/maps/v6qcqpHMwZKGo1LN7,,,,,✅ موجود
عباد الرحمن 📍,https://maps.app.goo.gl/tkRkGwNGmazhZWPd6,,,,,✅ موجود
عباد بن بشر 📍,https://maps.app.goo.gl/3swfjMnhiBs6cL656,,,,,✅ موجود
عبد الرؤوف البيطار 📍,https://goo.gl/maps/4LDbiky9Mm1yYw9L8,,,,,✅ موجود
عبد الرحمن الكايد 📍,https://maps.google.com/maps/search/%D8%A8%D9%8A%D9%88%D8%B6%D8%A9%20%D8%A7%D9%84%D8%BA%D8%B1%D8%A8%D9%8A%D8%A9/@32.1507295,,,,,✅ موجود
عبد الرحمن بن عوف 📍,https://maps.app.goo.gl/JF2QSUNmU5tHC1TS8,,,,,✅ موجود
عبد الرحمن بن عوف 📍,https://maps.app.goo.gl/F9Ge3HAsjQfNvraG8,,,,,✅ موجود
عبد الرحمن بن عوف 📍,https://maps.app.goo.gl/wXe2PTfREnXCAP2Q6,,,,,✅ موجود
عبد الرحمن صالح بركات 📍,https://goo.gl/maps/zEBEnMc3aDbpmfPF7,,,,,✅ موجود
عبد الرحيم مهيار 📍,https://maps.app.goo.gl/E6KjuWoiLT1De8uY8,,,,,✅ موجود
عبد العزيز ناصر النعيمي 📍,https://goo.gl/maps/d5q4qRodyZAnxW678,,,,,✅ موجود
عبد الفتاح الجالودي 📍,https://maps.google.com/maps?q=32.0393684%2C35.8324516&z=17&hl=ar,,,,,✅ موجود
عبد الكريم قشطة 📍,https://goo.gl/maps/dJt557afZS5BrfRu8,,,,,✅ موجود
عبد الله أبو رمان 📍,https://maps.google.com/maps?q=32.0644735%2C35.6034148&z=17&hl=ar,,,,,✅ موجود
عبد الله الداود 📍,https://maps.google.com/maps?q=32.1255502%2C35.6994381&z=17&hl=ar,,,,,✅ موجود
عبد الله بن المبارك,,,,,,⚠️ غير موجود
عبد الله بن المبارك (جمعية المركز الاسلامي) 📍,https://maps.app.goo.gl/rNWcngLSWAjaVdfm6,,,,,✅ موجود
عبد الله بن رواحة 📍,https://maps.app.goo.gl/z3hBaMN2JWEZXT81A,,,,,✅ موجود
عبد الله بن رواحة 📍,https://maps.app.goo.gl/LuJrazryn4UzoVf16,,,,,✅ موجود
عبد الله بن عباس 📍,https://maps.google.com/maps?q=32.143854308937%2C35.6981098651886&z=17&hl=ar,,,,,✅ موجود
عبد الله بن عمر 📍,https://maps.app.goo.gl/6f5MgzHFcC8KYT789,,,,,✅ موجود
عبد الله بن مسعود 📍,https://maps.app.goo.gl/o27Ea1t1hPKfy6of8,,,,,✅ موجود
عبد الله طعيمة الحياري (الميسة) 📍,https://maps.app.goo.gl/mbeTtrNsbg7h1DhL8,,,,,✅ موجود
عثمان بن عفان,,,,,,⚠️ غير موجود
عثمان بن عفان (أديب وهبة) 📍,https://maps.app.goo.gl/Dw9p9dyGWXiyhvbC7,,,,,✅ موجود
عثمان بن عفان 📍,https://maps.app.goo.gl/Kbv8Y6Z5iZ8Nh9Qx7,,,,,✅ موجود
عز الدين القسام 📍,https://maps.google.com/maps/search/Unnamed%20Road%2C%20%D8%A7%D9%84%D8%A3%D8%B1%D8%AF%D9%86/@32.1298302470749,,,,,✅ موجود
عز الدين القسام 📍,https://maps.app.goo.gl/oubVY2ghaEDyo8A2A,,,,,✅ موجود
عقبة بن نافع 📍,https://maps.google.com/maps?q=32.21029198601812%2C35.64598146826029&z=17&hl=ar,,,,,✅ موجود
علاء الدين 📍,https://maps.app.goo.gl/59JziGM3NzymBYoTA,,,,,✅ موجود
علان الجديد 📍,https://maps.app.goo.gl/GdVaBn1cELB9Pbkj7,,,,,✅ موجود
علي البشير,,,,,,⚠️ غير موجود
علي الفارع 📍,https://maps.app.goo.gl/SXbU2aFLptEa3Jzx6,,,,,✅ موجود
علي بن أبي طالب,,,,,,⚠️ غير موجود
علي بن أبي طالب 📍,https://goo.gl/maps/Qj8BfhiDdNYmKh6N7,,,,,✅ موجود
علي بن أبي طالب 📍,https://goo.gl/maps/KhXRB2VB92xK9mYx8,,,,,✅ موجود
علي بن أبي طالب 📍,https://maps.google.com/maps?q=31.8345903%2C35.6756568&z=17&hl=ar,,,,,✅ موجود
علي سلامة أبو زنيمة,,,,,,⚠️ غير موجود
علي فندي الفاعوري 📍,https://maps.app.goo.gl/v33Vtig1ZkWw8x93A,,,,,✅ موجود
علي وادي الخوالد 📍,https://maps.app.goo.gl/BaK5EC5EdwhgzTqe9,,,,,✅ موجود
عليقون 📍,https://maps.google.com/?q=32.154785,,,,,✅ موجود
عمار بن ياسر 📍,https://maps.app.goo.gl/ykE2R8EVNEy9kqTc7,,,,,✅ موجود
عمر بن الخطاب,,,,,,⚠️ غير موجود
عمر بن الخطاب,,,,,,⚠️ غير موجود
عمر بن الخطاب (الميدان) 📍,https://maps.app.goo.gl/qvdq5bkvmAYwhNjo6,,,,,✅ موجود
عمر بن الخطاب (علان القديم) 📍,https://maps.app.goo.gl/SCvuBSxihePeqtRX9,,,,,✅ موجود
عمر بن الخطاب 📍,https://maps.google.com/maps/search/Unnamed%20Road%2C%20%D8%A7%D9%84%D9%85%D8%B9%D8%AF%D9%8A%D8%8C%20%D8%A7%D9%84%D8%A3%D8%B1%D8%AF%D9%86/@32.164068817076675,,,,,✅ موجود
عمر بن الخطاب 📍,https://maps.app.goo.gl/JDSGXwrESQ9cpZUk9,,,,,✅ موجود
عمر بن الخطاب 📍,https://maps.app.goo.gl/uKWgCwTMttvnpc8g9,,,,,✅ موجود
عمر بن الخطاب 📍,https://goo.gl/maps/S9XoKqueNwAzUWU76,,,,,✅ موجود
عمر بن الخطاب 📍,https://goo.gl/maps/9LoPV5ZWVUk4Uv3y7,,,,,✅ موجود
عمر بن الخطاب 📍,https://goo.gl/maps/gweaoRfLRauSSrkr9,,,,,✅ موجود
عمر بن عبد العزيز 📍,https://maps.app.goo.gl/w9VFB5FZRqgJRUPD8,,,,,✅ موجود
عمر بن عبد العزيز 📍,https://maps.app.goo.gl/FLcrHy7LNA67mBYZA,,,,,✅ موجود
عمرو بن العاص 📍,https://maps.google.com/maps?q=32.0872832%2C35.8080566&z=17&hl=ar,,,,,✅ موجود
عيرا (القديم) 📍,https://maps.app.goo.gl/1Z8EMvjywbKYwyHP7,,,,,✅ موجود
عين الباشا الكبير 📍,https://maps.app.goo.gl/qcqAWHbZQGXb1uCH8,,,,,✅ موجود
غزة هاشم 📍,https://maps.google.com/maps?q=32.0700074%2C35.5902338&z=17&hl=ar,,,,,✅ موجود
فاطمة الرضوان 📍,https://maps.app.goo.gl/spiyT8wMa59fcQ7aA,,,,,✅ موجود
فاطمة الزهراء 📍,https://maps.app.goo.gl/YiAwSgnh7xD3zspP6,,,,,✅ موجود
فاطمة بنت محمد 📍,https://maps.app.goo.gl/zNfyhEPuFZN6m67T8,,,,,✅ موجود
فضل رمضان 📍,https://maps.google.com/maps?q=32.1935102%2C35.6311828&z=17&hl=ar,,,,,✅ موجود
فهد يوسف العدوان,,,,,,⚠️ غير موجود
قتيبة الباهلي,,,,,,⚠️ غير موجود
قتيبة بن مسلم 📍,https://maps.google.com/?cid=9364277499771468720,,,,,✅ موجود
لؤلؤة المطيري,,,,,,⚠️ غير موجود
مبارك الحمد الصباح 📍,https://maps.app.goo.gl/GdXQnD4zZoC3eVV78,,,,,✅ موجود
مثلث العارضة الكبير (النعمان) 📍,https://maps.google.com/maps/search/Unnamed%20Road%2C%20%D8%A7%D9%84%D8%A3%D8%B1%D8%AF%D9%86/@32.13295055099176,,,,,✅ موجود
محمد المناجي 📍,https://maps.app.goo.gl/fsodBMPnZgCLAzEx8,,,,,✅ موجود
محمد حسن الزعبي (عيدة الزعبي),,,,,,⚠️ غير موجود
محمد زيد الدجاني (البكالوريا) 📍,https://maps.google.com/maps?q=32.0007563%2C35.8036207&z=17&hl=ar,,,,,✅ موجود
محمد شلاش العدوان 📍,https://maps.app.goo.gl/6jhzT9RHvb1sjjGK7,,,,,✅ موجود
محمد صبحي البحبوح 📍,https://maps.app.goo.gl/87LAYtcdHraXBQVL7,,,,,✅ موجود
محمد فايز الربيع (التقوى) 📍,https://maps.app.goo.gl/4xaqLAriS52C8ApW9,,,,,✅ موجود
محمد فلاح الحديدي 📍,https://goo.gl/maps/18pgRQY3VUZa17tT9,,,,,✅ موجود
محمود الجيلاني,,,,,,⚠️ غير موجود
مسجد الأمين,,,,,,⚠️ غير موجود
مسجد مقام النبي يوشع 📍,https://maps.app.goo.gl/iwmws1Jd93bBoAUA7,,,,,✅ موجود
مصطفى العمري 📍,https://goo.gl/maps/CGgydszzYXMPAJYP7,,,,,✅ موجود
مصعب بن عمير 📍,https://maps.google.com/maps?q=32.16664131069687%2C35.59621810913086&z=17&hl=ar,,,,,✅ موجود
مصعب بن عمير 📍,https://goo.gl/maps/t5VaL9SPdnFxxQ6S6,,,,,✅ موجود
مصلى أبو بكر الصديق,,,,,,⚠️ غير موجود
مصلى أحباب المصطفى,,,,,,⚠️ غير موجود
مصلى أويس القرني,,,,,,⚠️ غير موجود
مصلى الأبرار,,,,,,⚠️ غير موجود
مصلى الأزهر 📍,https://maps.app.goo.gl/UZYYfVvBRKrtDh1n6,,,,,✅ موجود
مصلى الإيمان,,,,,,⚠️ غير موجود
مصلى الإيمان 📍,https://foursquare.com/v/4f59c3fee4b05b19c9cc6ade,,,,,✅ موجود
مصلى التعامرة,,,,,,⚠️ غير موجود
مصلى التوبة (مجمع العوايشة) 📍,https://maps.app.goo.gl/Ehu3uF1s5yeLznWG6,,,,,✅ موجود
مصلى الجسر,,,,,,⚠️ غير موجود
مصلى الحاج موسى حسن أبو رمان,,,,,,⚠️ غير موجود
مصلى الحسبة 📍,https://maps.google.com/maps?q=32.0478913%2C35.6969785&z=17&hl=ar,,,,,✅ موجود
مصلى الحمايل,,,,,,⚠️ غير موجود
مصلى الرحمن,,,,,,⚠️ غير موجود
مصلى الرحمن,,,,,,⚠️ غير موجود
مصلى الرياحين,,,,,,⚠️ غير موجود
مصلى الشاكرين,,,,,,⚠️ غير موجود
مصلى الشقيرية,,,,,,⚠️ غير موجود
مصلى الصالحين,,,,,,⚠️ غير موجود
مصلى الصلح,,,,,,⚠️ غير موجود
مصلى المخيم الكشفي الدائم,,,,,,⚠️ غير موجود
مصلى المشاعل,,,,,,⚠️ غير موجود
مصلى المطيري,,,,,,⚠️ غير موجود
مصلى المنطقة الحرفية,,,,,,⚠️ غير موجود
مصلى بطنا 📍,https://goo.gl/maps/E1zmDdGYzNjFbHveA,,,,,✅ موجود
مصلى بلال بن رباح (إسكان المكرمة) 📍,https://maps.app.goo.gl/7KaexotQUtiKZt6c7,,,,,✅ موجود
مصلى حسان بن ثابت,,,,,,⚠️ غير موجود
مصلى سلطة المياه,,,,,,⚠️ غير موجود
مصلى شرطة البلقاء 📍,https://maps.app.goo.gl/YZAz3nsM1ZQbSmF47,,,,,✅ موجود
مصلى عائشة,,,,,,⚠️ غير موجود
مصلى علي بن أبي طالب,,,,,,⚠️ غير موجود
مصلى عمر بن الخطاب,,,,,,⚠️ غير موجود
مصلى فنوش الجديد,,,,,,⚠️ غير موجود
مصلى قباء,,,,,,⚠️ غير موجود
مصلى كلية المجتمع 📍,https://maps.app.goo.gl/SK8ZCXtWiPCbDhRG9,,,,,✅ موجود
مصلى مزارع ضاحية الزهراء,,,,,,⚠️ غير موجود
مصلى مستشفى الأميرة إيمان,,,,,,⚠️ غير موجود
مصلى مستشفى الحسين,,,,,,⚠️ غير موجود
مصلى مستشفى الشونة الجنوبية,,,,,,⚠️ غير موجود
مصلى مكة,,,,,,⚠️ غير موجود
معاذ بن جبل 📍,https://maps.google.com/?cid=14471731844421907877,,,,,✅ موجود
معاذ بن جبل 📍,https://maps.app.goo.gl/a8yaHgKJtkrByevQA,,,,,✅ موجود
معاوية ابن أبي سفيان 📍,https://maps.app.goo.gl/JMBSe3bCedZcJoic7,,,,,✅ موجود
معاوية بن أبي سفيان 📍,https://goo.gl/maps/NErL8bSjW2cDfh3b9,,,,,✅ موجود
معدي القديم 📍,https://maps.app.goo.gl/cNBiZqfgmZeDPyR16,,,,,✅ موجود
مقام أبو عبيدة 📍,https://maps.google.com/maps?q=32.2358118%2C35.6220218&z=17&hl=ar,,,,,✅ موجود
مقام الخضر,,,,,,⚠️ غير موجود
مقام النبي أيوب 📍,https://maps.app.goo.gl/4Dj1nd9TR8rs7rb76,,,,,✅ موجود
مقام حزير 📍,https://maps.app.goo.gl/V7g5WVZKU6UhkBFE6,,,,,✅ موجود
مقام شعيب 📍,https://maps.app.goo.gl/9NhFCR8htPr6xgRD8,,,,,✅ موجود
مقام ضرار بن الازور 📍,https://maps.google.com/maps?q=32.22971719655386%2C35.617920868098736&z=17&hl=ar,,,,,✅ موجود
مقام نبي الله جادور 📍,https://maps.app.goo.gl/fwfib9GTLBW5fT4g7,,,,,✅ موجود
منتهى الأمان الحياري,,,,,,⚠️ غير موجود
منذر محمود الوريكات 📍,https://maps.app.goo.gl/t8y6bs4iDjKy5PdR9,,,,,✅ موجود
موبص القديم (العمري) 📍,https://goo.gl/maps/M2GEjUkpgxEqwZHE8,,,,,✅ موجود
موسى بن نصير 📍,https://goo.gl/maps/zr49gSmjDFRmZn247,,,,,✅ موجود
موسى طويقات,,,,,,⚠️ غير موجود
ميسره بن مسروق العبسي 📍,https://maps.google.com/maps?q=32.1281018%2C35.6905709&z=17&hl=ar,,,,,✅ موجود
نابلس 📍,https://maps.google.com/?cid=12341964814783034386,,,,,✅ موجود
ناصر الدين 📍,https://maps.app.goo.gl/ASVxqA8CCYP9zt8HA,,,,,✅ موجود
نبي الرحمة 📍,https://maps.google.com/?cid=2779981934993041754,,,,,✅ موجود
نظمية بدران 📍,https://maps.google.com/maps?q=32.0787567%2C35.8450901&z=17&hl=ar,,,,,✅ موجود
هارون الرشيد (عيسى الفارس),,,,,,⚠️ غير موجود
وادي الحور 📍,https://goo.gl/maps/UJCCmJB9tkKUmBn89,,,,,✅ موجود
وادي السلط 📍,https://maps.app.goo.gl/92SuFC18HEZzJMu76,,,,,✅ موجود
يرقا (الكبير/ البلد) 📍,https://maps.app.goo.gl/Roco9LZopi9knfC57,,,,,✅ موجود
